workerid,proliferate.condition,time_in_minutes,error
26,main,4.74635,NA
24,main,2.480683333333334,NA
27,main,7.20535,NA
30,main,2.0050166666666667,NA
21,main,3.4995,NA
28,main,6.4909,NA
23,main,4.16895,NA
25,main,3.8287333333333335,NA
29,main,2.9435166666666666,NA
22,main,2.8069166666666665,NA
